Index,LongName,ShortName
0,Name,Name
1,County,County
2,Year4,Year4
3,YearofData,YearofData
4,SurveyYr,SurveyYr
5,ID,ID
6,IDChanged,IDChanged
7,Type_Code,Type_Code
8,County.1,County
9,FIPS_Code_State,FIPS_Code_State
10,FIPS_County,FIPS_County
11,FIPS_Place,FIPS_Place
12,FYEndDate,FYEndDate
13,YearPop,YearPop
14,SchLevCode,SchLevCode
15,Population,Population
16,FunctionCode,FunctionCode
17,Enrollment,Enrollment
18,Total_Revenue,Total_Revenue
19,Total_Rev_Own_Sources,Total_Rev_Own_Sources
20,General_Revenue,General_Revenue
21,Gen_Rev_Own_Sources,Gen_Rev_Own_Sources
22,Total_Taxes,Total_Taxes
23,Property_Tax,Property_Tax
24,Tot_Sales___Gr_Rec_Tax,Tot_Sales___Gr_Rec_Tax
25,Total_Gen_Sales_Tax,Total_Gen_Sales_Tax
26,Total_Select_Sales_Tax,Total_Select_Sales_Tax
27,Alcoholic_Beverage_Tax,Alcoholic_Beverage_Tax
28,Amusement_Tax,Amusement_Tax
29,Insurance_Premium_Tax,Insurance_Premium_Tax
30,Motor_Fuels_Tax,Motor_Fuels_Tax
31,Pari_mutuels_Tax,Pari_mutuels_Tax
32,Public_Utility_Tax,Public_Utility_Tax
33,Tobacco_Tax,Tobacco_Tax
34,Other_Select_Sales_Tax,Other_Select_Sales_Tax
35,Total_License_Taxes,Total_License_Taxes
36,Alcoholic_Beverage_Lic,Alcoholic_Beverage_Lic
37,Amusement_License,Amusement_License
38,Corporation_License,Corporation_License
39,Hunting___Fishing_License,Hunting___Fishing_License
40,Motor_Vehicle_License,Motor_Vehicle_License
41,Motor_Veh_Oper_License,Motor_Veh_Oper_License
42,Motor_Vehicle_License_Total,Motor_Vehicle_License_Total
43,Public_Utility_License,Public_Utility_License
44,Occup_and_Bus_Lic_NEC,Occup_and_Bus_Lic_NEC
45,Other_License_Taxes,Other_License_Taxes
46,Total_Income_Taxes,Total_Income_Taxes
47,Individual_Income_Tax,Individual_Income_Tax
48,Corp_Net_Income_Tax,Corp_Net_Income_Tax
49,Death_and_Gift_Tax,Death_and_Gift_Tax
50,Docum_and_Stock_Tr_Tax,Docum_and_Stock_Tr_Tax
51,Severance_Tax,Severance_Tax
52,Taxes_NEC,Taxes_NEC
53,Total_IG_Revenue,Total_IG_Revenue
54,Total_Fed_IG_Revenue,Total_Fed_IG_Revenue
55,Fed_IGR_Air_Transport,Fed_IGR_Air_Transport
56,Fed_IGR_Education,Fed_IGR_Education
57,Fed_IGR_Emp_Sec_Adm,Fed_IGR_Emp_Sec_Adm
58,Fed_IGR_Gen_Rev_Shar,Fed_IGR_Gen_Rev_Shar
59,Fed_IGR_Gen_Support,Fed_IGR_Gen_Support
60,Fed_IGR_Health___Hos,Fed_IGR_Health___Hos
61,Fed_IGR_Highways,Fed_IGR_Highways
62,Fed_IGR_Transit_Sub,Fed_IGR_Transit_Sub
63,Fed_IGR_Hous_Com_Dev,Fed_IGR_Hous_Com_Dev
64,Fed_IGR_Natural_Res,Fed_IGR_Natural_Res
65,Fed_IGR_Public_Welf,Fed_IGR_Public_Welf
66,Fed_IGR_Sewerage,Fed_IGR_Sewerage
67,Fed_IGR_Other,Fed_IGR_Other
68,Total_State_IG_Revenue,Total_State_IG_Revenue
69,State_IGR_Education,State_IGR_Education
70,State_IGR_Tax_Relief,State_IGR_Tax_Relief
71,State_IGR_Oth_Gen_Sup,State_IGR_Oth_Gen_Sup
72,State_IGR_Gen_Sup,State_IGR_Gen_Sup
73,State_IGR_Health___Hos,State_IGR_Health___Hos
74,State_IGR_Highways,State_IGR_Highways
75,State_IGR_Transit_Sub,State_IGR_Transit_Sub
76,State_IGR_Hous_Com_Dev,State_IGR_Hous_Com_Dev
77,State_IGR_Public_Welf,State_IGR_Public_Welf
78,State_IGR_Sewerage,State_IGR_Sewerage
79,State_IGR_Other,State_IGR_Other
80,Tot_Local_IG_Rev,Tot_Local_IG_Rev
81,Local_IGR_InterSchool_Aid,Local_IGR_InterSchool_Aid
82,Local_IGR_Other_Education,Local_IGR_Other_Education
83,Local_IGR_Oth_Gen_Sup,Local_IGR_Oth_Gen_Sup
84,Local_IGR_Health___Hos,Local_IGR_Health___Hos
85,Local_IGR_Highways,Local_IGR_Highways
86,Local_IGR_Transit_Sub,Local_IGR_Transit_Sub
87,Local_IGR_Hous_Com_Dev,Local_IGR_Hous_Com_Dev
88,Local_IGR_Public_Welf,Local_IGR_Public_Welf
89,Local_IGR_Sewerage,Local_IGR_Sewerage
90,Local_IGR_Other,Local_IGR_Other
91,Tot_Chgs_and_Misc_Rev,Tot_Chgs_and_Misc_Rev
92,Total_General_Charges,Total_General_Charges
93,Chg_Air_Transportation,Chg_Air_Transportation
94,Chg_Misc_Com_Activ,Chg_Misc_Com_Activ
95,Chg_Total_Education,Chg_Total_Education
96,Chg_Total_Elem_Education,Chg_Total_Elem_Education
97,Chg_Elem_Ed_Sch_Lunch,Chg_Elem_Ed_Sch_Lunch
98,Chg_Elem_Ed_Tuition,Chg_Elem_Ed_Tuition
99,Chg_Elem_Ed_NEC,Chg_Elem_Ed_NEC
100,Chg_Total_High_Ed,Chg_Total_High_Ed
101,Chg_Hospitals,Chg_Hospitals
102,Chg_Highways,Chg_Highways
103,Chg_Regular_Highways,Chg_Regular_Highways
104,Chg_Toll_Highways,Chg_Toll_Highways
105,Chg_Housing___Comm_Dev,Chg_Housing___Comm_Dev
106,Chg_Total_Nat_Res,Chg_Total_Nat_Res
107,Chg_Parking,Chg_Parking
108,Chg_Parks___Recreation,Chg_Parks___Recreation
109,Chg_Sewerage,Chg_Sewerage
110,Chg_Solid_Waste_Mgmt,Chg_Solid_Waste_Mgmt
111,Chg_Water_Transport,Chg_Water_Transport
112,Chg_All_Other_NEC,Chg_All_Other_NEC
113,Misc_General_Revenue,Misc_General_Revenue
114,Special_Assessments,Special_Assessments
115,Prop_Sale_Total,Prop_Sale_Total
116,Prop_Sale_Hous_Com_Dev,Prop_Sale_Hous_Com_Dev
117,Prop_Sale_Other,Prop_Sale_Other
118,Interest_Revenue,Interest_Revenue
119,Fines_and_Forfeits,Fines_and_Forfeits
120,Rents_and_Royalties,Rents_and_Royalties
121,Net_Lottery_Revenue,Net_Lottery_Revenue
122,Misc_General_Rev_NEC,Misc_General_Rev_NEC
123,Liquor_Stores_Revenue,Liquor_Stores_Revenue
124,Total_Utility_Revenue,Total_Utility_Revenue
125,Water_Utility_Revenue,Water_Utility_Revenue
126,Electric_Utility_Rev,Electric_Utility_Rev
127,Gas_Utility_Rev,Gas_Utility_Rev
128,Transit_Utility_Rev,Transit_Utility_Rev
129,Total_Insur_Trust_Rev,Total_Insur_Trust_Rev
130,Total_Insur_Trust_Ctrb,Total_Insur_Trust_Ctrb
131,Tot_Ins_Trust_Inv_Rev,Tot_Ins_Trust_Inv_Rev
132,Total_Emp_Ret_Rev,Total_Emp_Ret_Rev
133,Emp_Ret_Total_Ctrib,Emp_Ret_Total_Ctrib
134,Emp_Ret_Loc_Emp_Ctrib,Emp_Ret_Loc_Emp_Ctrib
135,Emp_Ret_Loc_To_Loc_Sys,Emp_Ret_Loc_To_Loc_Sys
136,Emp_Ret_From_Other_Gov,Emp_Ret_From_Other_Gov
137,Emp_Ret_Sta_To_Sta_Ctr,Emp_Ret_Sta_To_Sta_Ctr
138,Emp_Ret_Int_Rev,Emp_Ret_Int_Rev
139,Emp_Ret_Other_Earnings,Emp_Ret_Other_Earnings
140,Total_Unemp_Rev,Total_Unemp_Rev
141,Unemp_Payroll_Tax,Unemp_Payroll_Tax
142,Unemp_Int_Revenue,Unemp_Int_Revenue
143,Unemp_Federal_Advances,Unemp_Federal_Advances
144,Total_Expenditure,Total_Expenditure
145,Total_IG_Expenditure,Total_IG_Expenditure
146,Direct_Expenditure,Direct_Expenditure
147,Total_Current_Expend,Total_Current_Expend
148,Total_Current_Oper,Total_Current_Oper
149,Total_Capital_Outlays,Total_Capital_Outlays
150,Total_Construction,Total_Construction
151,Total_Other_Capital_Outlays,Total_Other_Capital_Outlays
152,Tot_Assist___Subsidies,Tot_Assist___Subsidies
153,Total_Interest_on_Debt,Total_Interest_on_Debt
154,Total_Insur_Trust_Ben,Total_Insur_Trust_Ben
155,Total_Salaries___Wages,Total_Salaries___Wages
156,General_Expenditure,General_Expenditure
157,IG_Exp_To_State_Govt,IG_Exp_To_State_Govt
158,IG_Exp_To_Local_Govts,IG_Exp_To_Local_Govts
159,IG_Exp_To_Federal_Govt,IG_Exp_To_Federal_Govt
160,Direct_General_Expend,Direct_General_Expend
161,General_Current_Expend,General_Current_Expend
162,General_Current_Oper,General_Current_Oper
163,General_Capital_Outlay,General_Capital_Outlay
164,General_Construction,General_Construction
165,General_Capital_Outlay_Other,General_Capital_Outlay_Other
166,General_Assist___Sub,General_Assist___Sub
167,General_Debt_Interest,General_Debt_Interest
168,Air_Trans_Total_Expend,Air_Trans_Total_Expend
169,Air_Trans_Direct_Expend,Air_Trans_Direct_Expend
170,Air_Trans_Cap_Outlay,Air_Trans_Cap_Outlay
171,Air_Trans_Current_Exp,Air_Trans_Current_Exp
172,Air_Trans_Construction,Air_Trans_Construction
173,Air_Trans_IG_To_State,Air_Trans_IG_To_State
174,Air_Trans_IG_Local_Govts,Air_Trans_IG_Local_Govts
175,Misc_Com_Activ_Tot_Exp,Misc_Com_Activ_Tot_Exp
176,Misc_Com_Activ_Cap_Out,Misc_Com_Activ_Cap_Out
177,Misc_Com_Activ_Current_Exp,Misc_Com_Activ_Current_Exp
178,Misc_Com_Activ_Constr,Misc_Com_Activ_Constr
179,Correct_Total_Exp,Correct_Total_Exp
180,Correct_Direct_Exp,Correct_Direct_Exp
181,Correct_Cap_Outlay,Correct_Cap_Outlay
182,Correct_Current_Exp,Correct_Current_Exp
183,Correct_Construct,Correct_Construct
184,Correct_IG_To_St,Correct_IG_To_St
185,Correct_IG_Loc_Govts,Correct_IG_Loc_Govts
186,Total_Educ_Total_Exp,Total_Educ_Total_Exp
187,Total_Educ_Direct_Exp,Total_Educ_Direct_Exp
188,Total_Educ_Assist___Sub,Total_Educ_Assist___Sub
189,Total_Educ_Cap_Outlay,Total_Educ_Cap_Outlay
190,Total_Educ_Current_Exp,Total_Educ_Current_Exp
191,Total_Educ_Construct,Total_Educ_Construct
192,Elem_Educ_Total_Exp,Elem_Educ_Total_Exp
193,Elem_Educ_Direct_Exp,Elem_Educ_Direct_Exp
194,Elem_Educ_Cap_Outlay,Elem_Educ_Cap_Outlay
195,Elem_Educ_Current_Exp,Elem_Educ_Current_Exp
196,Elem_Educ_Construction,Elem_Educ_Construction
197,Elem_Educ_IG_To_State,Elem_Educ_IG_To_State
198,Elem_Educ_IG_Local_Govts,Elem_Educ_IG_Local_Govts
199,Elem_Educ_IG_Sch_to_Sch,Elem_Educ_IG_Sch_to_Sch
200,Higher_Ed_Total_Exp,Higher_Ed_Total_Exp
201,Higher_Ed_Direct_Exp,Higher_Ed_Direct_Exp
202,Higher_Ed_Cap_Outlay,Higher_Ed_Cap_Outlay
203,Higher_Ed_Current_Exp,Higher_Ed_Current_Exp
204,Higher_Ed_Construct,Higher_Ed_Construct
205,Higher_Ed_IG_To_St,Higher_Ed_IG_To_St
206,Higher_Ed_IG_Loc_Govts,Higher_Ed_IG_Loc_Govts
207,Educ_NEC_Total_Expend,Educ_NEC_Total_Expend
208,Educ_NEC_Direct_Expend,Educ_NEC_Direct_Expend
209,Educ_NEC_Assistance,Educ_NEC_Assistance
210,Educ_NEC_Cap_Outlay,Educ_NEC_Cap_Outlay
211,Educ_NEC_Current_Exp,Educ_NEC_Current_Exp
212,Educ_NEC_Construction,Educ_NEC_Construction
213,Educ_NEC_IG_To_State,Educ_NEC_IG_To_State
214,Educ_NEC_IG_Local_Govts,Educ_NEC_IG_Local_Govts
215,Emp_Sec_Adm_Direct_Exp,Emp_Sec_Adm_Direct_Exp
216,Emp_Sec_Adm_Cap_Outlay,Emp_Sec_Adm_Cap_Outlay
217,Emp_Sec_Adm_Current_Exp,Emp_Sec_Adm_Current_Exp
218,Emp_Sec_Adm_Construct,Emp_Sec_Adm_Construct
219,Fin_Admin_Total_Exp,Fin_Admin_Total_Exp
220,Fin_Admin_Direct_Exp,Fin_Admin_Direct_Exp
221,Fin_Admin_Cap_Outlay,Fin_Admin_Cap_Outlay
222,Fin_Admin_Current_Exp,Fin_Admin_Current_Exp
223,Fin_Admin_Construction,Fin_Admin_Construction
224,Fin_Admin_IG_To_State,Fin_Admin_IG_To_State
225,Fin_Admin_IG_Local_Govts,Fin_Admin_IG_Local_Govts
226,Fire_Prot_Total_Expend,Fire_Prot_Total_Expend
227,Fire_Prot_Direct_Exp,Fire_Prot_Direct_Exp
228,Fire_Prot_Cap_Outlay,Fire_Prot_Cap_Outlay
229,Fire_Prot_Current_Exp,Fire_Prot_Current_Exp
230,Fire_Prot_Construction,Fire_Prot_Construction
231,Fire_Prot_IG_To_State,Fire_Prot_IG_To_State
232,Fire_Prot_IG_Local_Govts,Fire_Prot_IG_Local_Govts
233,Judicial_Total_Expend,Judicial_Total_Expend
234,Judicial_Direct_Expend,Judicial_Direct_Expend
235,Judicial_Cap_Outlay,Judicial_Cap_Outlay
236,Judicial_Current_Exp,Judicial_Current_Exp
237,Judicial_Construction,Judicial_Construction
238,Judicial_IG_To_State,Judicial_IG_To_State
239,Judicial_IG_Local_Govts,Judicial_IG_Local_Govts
240,Cen_Staff_Total_Expend,Cen_Staff_Total_Expend
241,Cen_Staff_Direct_Exp,Cen_Staff_Direct_Exp
242,Cen_Staff_Cap_Outlay,Cen_Staff_Cap_Outlay
243,Cen_Staff_Current_Exp,Cen_Staff_Current_Exp
244,Cen_Staff_Construction,Cen_Staff_Construction
245,Cen_Staff_IG_To_State,Cen_Staff_IG_To_State
246,Cen_Staff_IG_Local_Govts,Cen_Staff_IG_Local_Govts
247,Gen_Pub_Bldg_Total_Exp,Gen_Pub_Bldg_Total_Exp
248,Gen_Pub_Bldg_Cap_Out,Gen_Pub_Bldg_Cap_Out
249,Gen_Pub_Bldg_Current_Exp,Gen_Pub_Bldg_Current_Exp
250,Gen_Pub_Bldg_Construct,Gen_Pub_Bldg_Construct
251,Health_Total_Expend,Health_Total_Expend
252,Health_Direct_Expend,Health_Direct_Expend
253,Health_Capital_Outlay,Health_Capital_Outlay
254,Health_Current_Exp,Health_Current_Exp
255,Health_Construction,Health_Construction
256,Health_IG_To_State,Health_IG_To_State
257,Health_IG_Local_Govts,Health_IG_Local_Govts
258,Total_Hospital_Total_Exp,Total_Hospital_Total_Exp
259,Total_Hospital_Dir_Exp,Total_Hospital_Dir_Exp
260,Total_Hospital_Cap_Out,Total_Hospital_Cap_Out
261,Total_Hospital_Current_Exp,Total_Hospital_Current_Exp
262,Total_Hospital_Construct,Total_Hospital_Construct
263,Total_Hospital_IG_To_State,Total_Hospital_IG_To_State
264,Total_Hospital_IG_Loc_Govts,Total_Hospital_IG_Loc_Govts
265,Own_Hospital_Total_Exp,Own_Hospital_Total_Exp
266,Own_Hospital_Cap_Out,Own_Hospital_Cap_Out
267,Own_Hospital_Current_Exp,Own_Hospital_Current_Exp
268,Own_Hospital_Construct,Own_Hospital_Construct
269,Hosp_Other_Total_Exp,Hosp_Other_Total_Exp
270,Hosp_Other_Direct_Exp,Hosp_Other_Direct_Exp
271,Hosp_Other_Cap_Outlay,Hosp_Other_Cap_Outlay
272,Hosp_Other_Current_Exp,Hosp_Other_Current_Exp
273,Hosp_Other_Construct,Hosp_Other_Construct
274,Hosp_Other_IG_To_State,Hosp_Other_IG_To_State
275,Hosp_Other_IG_Loc_Govts,Hosp_Other_IG_Loc_Govts
276,Total_Highways_Tot_Exp,Total_Highways_Tot_Exp
277,Total_Highways_Dir_Exp,Total_Highways_Dir_Exp
278,Total_Highways_Cap_Out,Total_Highways_Cap_Out
279,Total_Highways_Current_Exp,Total_Highways_Current_Exp
280,Total_Highways_Construct,Total_Highways_Construct
281,Regular_Hwy_Total_Exp,Regular_Hwy_Total_Exp
282,Regular_Hwy_Direct_Exp,Regular_Hwy_Direct_Exp
283,Regular_Hwy_Cap_Outlay,Regular_Hwy_Cap_Outlay
284,Regular_Hwy_Current_Exp,Regular_Hwy_Current_Exp
285,Regular_Hwy_Construct,Regular_Hwy_Construct
286,Regular_Hwy_IG_To_Sta,Regular_Hwy_IG_To_Sta
287,Regular_Hwy_IG_Loc_Govts,Regular_Hwy_IG_Loc_Govts
288,Toll_Hwy_Total_Expend,Toll_Hwy_Total_Expend
289,Toll_Hwy_Cap_Outlay,Toll_Hwy_Cap_Outlay
290,Toll_Hwy_Current_Exp,Toll_Hwy_Current_Exp
291,Toll_Hwy_Construction,Toll_Hwy_Construction
292,Transit_Sub_Total_Exp,Transit_Sub_Total_Exp
293,Transit_Sub_Direct_Sub,Transit_Sub_Direct_Sub
294,Transit_Sub_IG_To_Sta,Transit_Sub_IG_To_Sta
295,Transit_Sub_IG_Loc_Govts,Transit_Sub_IG_Loc_Govts
296,Transit_Sub_To_Own_Sys,Transit_Sub_To_Own_Sys
297,Hous___Com_Total_Exp,Hous___Com_Total_Exp
298,Hous___Com_Direct_Exp,Hous___Com_Direct_Exp
299,Hous___Com_Cap_Outlay,Hous___Com_Cap_Outlay
300,Hous___Com_Current_Exp,Hous___Com_Current_Exp
301,Hous___Com_Construct,Hous___Com_Construct
302,Hous___Com_IG_To_State,Hous___Com_IG_To_State
303,Hous___Com_IG_Loc_Govts,Hous___Com_IG_Loc_Govts
304,Libraries_Total_Expend,Libraries_Total_Expend
305,Libraries_Direct_Exp,Libraries_Direct_Exp
306,Libraries_Cap_Outlay,Libraries_Cap_Outlay
307,Libraries_Current_Exp,Libraries_Current_Exp
308,Libraries_Construction,Libraries_Construction
309,Libraries_IG_To_State,Libraries_IG_To_State
310,Libraries_IG_Local_Govts,Libraries_IG_Local_Govts
311,Natural_Res_Total_Exp,Natural_Res_Total_Exp
312,Natural_Res_Direct_Exp,Natural_Res_Direct_Exp
313,Natural_Res_Cap_Outlay,Natural_Res_Cap_Outlay
314,Natural_Res_Current_Exp,Natural_Res_Current_Exp
315,Natural_Res_Construct,Natural_Res_Construct
316,Natural_Res_IG_To_Sta,Natural_Res_IG_To_Sta
317,Natural_Res_IG_Loc_Govts,Natural_Res_IG_Loc_Govts
318,Parking_Total_Expend,Parking_Total_Expend
319,Parking_Direct_Expend,Parking_Direct_Expend
320,Parking_Capital_Outlay,Parking_Capital_Outlay
321,Parking_Current_Exp,Parking_Current_Exp
322,Parking_Construction,Parking_Construction
323,Parking_IG_To_State,Parking_IG_To_State
324,Parking_IG_Local_Govts,Parking_IG_Local_Govts
325,Parks___Rec_Total_Exp,Parks___Rec_Total_Exp
326,Parks___Rec_Direct_Exp,Parks___Rec_Direct_Exp
327,Parks___Rec_Cap_Outlay,Parks___Rec_Cap_Outlay
328,Parks___Rec_Current_Exp,Parks___Rec_Current_Exp
329,Parks___Rec_Construct,Parks___Rec_Construct
330,Parks___Rec_IG_To_Sta,Parks___Rec_IG_To_Sta
331,Parks___Rec_IG_Loc_Govts,Parks___Rec_IG_Loc_Govts
332,Police_Prot_Total_Exp,Police_Prot_Total_Exp
333,Police_Prot_Direct_Exp,Police_Prot_Direct_Exp
334,Police_Prot_Cap_Outlay,Police_Prot_Cap_Outlay
335,Police_Prot_Current_Exp,Police_Prot_Current_Exp
336,Police_Prot_Construct,Police_Prot_Construct
337,Police_Prot_IG_To_Sta,Police_Prot_IG_To_Sta
338,Police_Prot_IG_Loc_Govts,Police_Prot_IG_Loc_Govts
339,Prot_Insp_Total_Exp,Prot_Insp_Total_Exp
340,Prot_Insp_Direct_Exp,Prot_Insp_Direct_Exp
341,Prot_Insp_Cap_Outlay,Prot_Insp_Cap_Outlay
342,Prot_Insp_Current_Exp,Prot_Insp_Current_Exp
343,Prot_Insp_Construction,Prot_Insp_Construction
344,Prot_Insp_IG_To_State,Prot_Insp_IG_To_State
345,Prot_Insp_IG_Local_Govts,Prot_Insp_IG_Local_Govts
346,Public_Welf_Total_Exp,Public_Welf_Total_Exp
347,Public_Welf_Direct_Exp,Public_Welf_Direct_Exp
348,Public_Welf_Cash_Asst,Public_Welf_Cash_Asst
349,Public_Welf_Cap_Outlay,Public_Welf_Cap_Outlay
350,Public_Welf_Current_Exp,Public_Welf_Current_Exp
351,Public_Welf_Construct,Public_Welf_Construct
352,Welf_Categ_Total_Exp,Welf_Categ_Total_Exp
353,Welf_Categ_Cash_Assist,Welf_Categ_Cash_Assist
354,Welf_Categ_IG_To_State,Welf_Categ_IG_To_State
355,Welf_Categ_IG_Loc_Govts,Welf_Categ_IG_Loc_Govts
356,Welf_Cash_Total_Exp,Welf_Cash_Total_Exp
357,Welf_Cash_Cash_Assist,Welf_Cash_Cash_Assist
358,Welf_Cash_IG_Local_Govts,Welf_Cash_IG_Local_Govts
359,Welf_Vend_Pmts_Medical,Welf_Vend_Pmts_Medical
360,Welf_Vend_Pmts_NEC,Welf_Vend_Pmts_NEC
361,Welf_State_Share_Part_D,Welf_State_Share_Part_D
362,Welf_Ins_Total_Exp,Welf_Ins_Total_Exp
363,Welf_Ins_Cap_Outlay,Welf_Ins_Cap_Outlay
364,Welf_Ins_Current_Exp,Welf_Ins_Current_Exp
365,Welf_Ins_Construction,Welf_Ins_Construction
366,Welf_NEC_Total_Expend,Welf_NEC_Total_Expend
367,Welf_NEC_Direct_Expend,Welf_NEC_Direct_Expend
368,Welf_NEC_Cap_Outlay,Welf_NEC_Cap_Outlay
369,Welf_NEC_Current_Exp,Welf_NEC_Current_Exp
370,Welf_NEC_Construction,Welf_NEC_Construction
371,Welf_NEC_IG_To_State,Welf_NEC_IG_To_State
372,Welf_NEC_IG_Local_Govts,Welf_NEC_IG_Local_Govts
373,Sewerage_Total_Expend,Sewerage_Total_Expend
374,Sewerage_Direct_Expend,Sewerage_Direct_Expend
375,Sewerage_Cap_Outlay,Sewerage_Cap_Outlay
376,Sewerage_Current_Exp,Sewerage_Current_Exp
377,Sewerage_Construction,Sewerage_Construction
378,Sewerage_IG_To_State,Sewerage_IG_To_State
379,Sewerage_IG_Local_Govts,Sewerage_IG_Local_Govts
380,SW_Mgmt_Total_Expend,SW_Mgmt_Total_Expend
381,SW_Mgmt_Direct_Expend,SW_Mgmt_Direct_Expend
382,SW_Mgmt_Capital_Outlay,SW_Mgmt_Capital_Outlay
383,SW_Mgmt_Current_Exp,SW_Mgmt_Current_Exp
384,SW_Mgmt_Construction,SW_Mgmt_Construction
385,SW_Mgmt_IG_To_State,SW_Mgmt_IG_To_State
386,SW_Mgmt_IG_Local_Govts,SW_Mgmt_IG_Local_Govts
387,Water_Trans_Total_Exp,Water_Trans_Total_Exp
388,Water_Trans_Direct_Exp,Water_Trans_Direct_Exp
389,Water_Trans_Cap_Outlay,Water_Trans_Cap_Outlay
390,Water_Trans_Current_Exp,Water_Trans_Current_Exp
391,Water_Trans_Construct,Water_Trans_Construct
392,Water_Trans_IG_To_Sta,Water_Trans_IG_To_Sta
393,Water_Trans_IG_Loc_Govts,Water_Trans_IG_Loc_Govts
394,Interest_on_Gen_Debt,Interest_on_Gen_Debt
395,General_NEC_Total_Exp,General_NEC_Total_Exp
396,General_NEC_Direct_Exp,General_NEC_Direct_Exp
397,VetBonus,VetBonus
398,General_NEC_Cap_Outlay,General_NEC_Cap_Outlay
399,General_NEC_Current_Exp,General_NEC_Current_Exp
400,General_NEC_Construct,General_NEC_Construct
401,General_NEC_IG_To_St,General_NEC_IG_To_St
402,General_NEC_IG_Loc_Govts,General_NEC_IG_Loc_Govts
403,General_NEC_IG_To_Fed,General_NEC_IG_To_Fed
404,Liquor_Stores_Tot_Exp,Liquor_Stores_Tot_Exp
405,Liquor_Stores_Cap_Out,Liquor_Stores_Cap_Out
406,Liquor_Stores_Current_Exp,Liquor_Stores_Current_Exp
407,Liquor_Stores_Constr,Liquor_Stores_Constr
408,Total_Util_Total_Exp,Total_Util_Total_Exp
409,Total_Util_Inter_Exp,Total_Util_Inter_Exp
410,Total_Util_Cap_Outlay,Total_Util_Cap_Outlay
411,Total_Util_Current_Exp,Total_Util_Current_Exp
412,Total_Util_Construct,Total_Util_Construct
413,Water_Util_Total_Exp,Water_Util_Total_Exp
414,Water_Util_Inter_Exp,Water_Util_Inter_Exp
415,Water_Util_Cap_Outlay,Water_Util_Cap_Outlay
416,Water_Util_Current_Exp,Water_Util_Current_Exp
417,Water_Util_Construct,Water_Util_Construct
418,Elec_Util_Total_Exp,Elec_Util_Total_Exp
419,Elec_Util_Inter_Exp,Elec_Util_Inter_Exp
420,Elec_Util_Cap_Outlay,Elec_Util_Cap_Outlay
421,Elec_Util_Current_Exp,Elec_Util_Current_Exp
422,Elec_Util_Construct,Elec_Util_Construct
423,Gas_Util_Total_Exp,Gas_Util_Total_Exp
424,Gas_Util_Inter_Exp,Gas_Util_Inter_Exp
425,Gas_Util_Cap_Outlay,Gas_Util_Cap_Outlay
426,Gas_Util_Current_Exp,Gas_Util_Current_Exp
427,Gas_Util_Construct,Gas_Util_Construct
428,Trans_Util_Total_Exp,Trans_Util_Total_Exp
429,Trans_Util_Inter_Exp,Trans_Util_Inter_Exp
430,Trans_Util_Cap_Outlay,Trans_Util_Cap_Outlay
431,Trans_Util_Current_Exp,Trans_Util_Current_Exp
432,Trans_Util_Construct,Trans_Util_Construct
433,Emp_Ret_Total_Expend,Emp_Ret_Total_Expend
434,Emp_Ret_Benefit_Paymts,Emp_Ret_Benefit_Paymts
435,Emp_Ret_Withdrawals,Emp_Ret_Withdrawals
436,Emp_Ret_Other_Paymts,Emp_Ret_Other_Paymts
437,Unemp_Comp_Total_Exp,Unemp_Comp_Total_Exp
438,Unemp_Comp_Ben_Paymts,Unemp_Comp_Ben_Paymts
439,Unemp_Ext___Spec_Pmts,Unemp_Ext___Spec_Pmts
440,Total_Debt_Outstanding,Total_Debt_Outstanding
441,Total_Long_Term_Debt_Out,Total_Long_Term_Debt_Out
442,ST_Debt_End_of_Year,ST_Debt_End_of_Year
443,Total_Beg_LTD_Out,Total_Beg_LTD_Out
444,Beg_LTD_Out_Private_Purp,Beg_LTD_Out_Private_Purp
445,Beg_LTD_Out_All_Other,Beg_LTD_Out_All_Other
446,Beg_LTD_Out_Utility,Beg_LTD_Out_Utility
447,Beg_LTD_Out_Water_Util,Beg_LTD_Out_Water_Util
448,Beg_LTD_Out_Elec_Util,Beg_LTD_Out_Elec_Util
449,Beg_LTD_Out_Gas_Util,Beg_LTD_Out_Gas_Util
450,Beg_LTD_Out_Trans_Util,Beg_LTD_Out_Trans_Util
451,Beg_LTD_Out_General,Beg_LTD_Out_General
452,Beg_LTD_Out_Education,Beg_LTD_Out_Education
453,Beg_LTD_Out_Priv_Purp,Beg_LTD_Out_Priv_Purp
454,Beg_LTD_Out_Other_NEC,Beg_LTD_Out_Other_NEC
455,Total_LTD_Issued,Total_LTD_Issued
456,LTD_Iss_Private_Purp,LTD_Iss_Private_Purp
457,LTD_Iss_All_Other,LTD_Iss_All_Other
458,LTD_Iss_Utility,LTD_Iss_Utility
459,LTD_Iss_Util_Water,LTD_Iss_Util_Water
460,LTD_Iss_Util_Electric,LTD_Iss_Util_Electric
461,LTD_Iss_Util_Gas_Supply,LTD_Iss_Util_Gas_Supply
462,LTD_Iss_Util_Transit,LTD_Iss_Util_Transit
463,LTD_Iss_General,LTD_Iss_General
464,LTD_Iss_Gen_Elem_Educ,LTD_Iss_Gen_Elem_Educ
465,LTD_Iss_Gen_Other_Educ,LTD_Iss_Gen_Other_Educ
466,LTD_Iss_Gen_Other_NEC,LTD_Iss_Gen_Other_NEC
467,Total_LTD_Iss_FFC,Total_LTD_Iss_FFC
468,LTD_Iss_FFC_Utility,LTD_Iss_FFC_Utility
469,LTD_Iss_FFC_Water_Util,LTD_Iss_FFC_Water_Util
470,LTD_Iss_FFC_Elec_Util,LTD_Iss_FFC_Elec_Util
471,LTD_Iss_FFC_Gas_Util,LTD_Iss_FFC_Gas_Util
472,LTD_Iss_FFC_Trans_Util,LTD_Iss_FFC_Trans_Util
473,LTD_Iss_FFC_General,LTD_Iss_FFC_General
474,LTD_Iss_FFC_Elem_Educ,LTD_Iss_FFC_Elem_Educ
475,LTD_Iss_FFC_Other_Educ,LTD_Iss_FFC_Other_Educ
476,LTD_Iss_FFC_Other_NEC,LTD_Iss_FFC_Other_NEC
477,Total_LTD_Iss_NG,Total_LTD_Iss_NG
478,LTD_Iss_NG_Utility,LTD_Iss_NG_Utility
479,LTD_Iss_NG_Water_Util,LTD_Iss_NG_Water_Util
480,LTD_Iss_NG_Elec_Util,LTD_Iss_NG_Elec_Util
481,LTD_Iss_NG_Gas_Util,LTD_Iss_NG_Gas_Util
482,LTD_Iss_NG_Trans_Util,LTD_Iss_NG_Trans_Util
483,LTD_Iss_NG_General,LTD_Iss_NG_General
484,LTD_Iss_NG_Elem_Educ,LTD_Iss_NG_Elem_Educ
485,LTD_Iss_NG_Other_Educ,LTD_Iss_NG_Other_Educ
486,LTD_Iss_NG_Private_Purp,LTD_Iss_NG_Private_Purp
487,LTD_Iss_NG_Other_NEC,LTD_Iss_NG_Other_NEC
488,Total_LTD_Iss_Unsp,Total_LTD_Iss_Unsp
489,LTD_Iss_Unsp_Utility,LTD_Iss_Unsp_Utility
490,LTD_Iss_Unsp_Water_Util,LTD_Iss_Unsp_Water_Util
491,LTD_Iss_Unsp_Elec_Util,LTD_Iss_Unsp_Elec_Util
492,LTD_Iss_Unsp_Gas_Util,LTD_Iss_Unsp_Gas_Util
493,LTD_Iss_Unsp_Trans_Util,LTD_Iss_Unsp_Trans_Util
494,LTD_Iss_Unsp_General,LTD_Iss_Unsp_General
495,LTD_Iss_Unsp_Elem_Educ,LTD_Iss_Unsp_Elem_Educ
496,LTD_Iss_Unsp_Other_Educ,LTD_Iss_Unsp_Other_Educ
497,LTD_Iss_Unsp_Other_NEC,LTD_Iss_Unsp_Other_NEC
498,Total_LTD_Retired,Total_LTD_Retired
499,LTD_Ret_Private_Purp,LTD_Ret_Private_Purp
500,LTD_Ret_All_Other,LTD_Ret_All_Other
501,LTD_Ret_Utility,LTD_Ret_Utility
502,LTD_Ret_Util_Water,LTD_Ret_Util_Water
503,LTD_Ret_Util_Electric,LTD_Ret_Util_Electric
504,LTD_Ret_Util_Gas_Supply,LTD_Ret_Util_Gas_Supply
505,LTD_Ret_Util_Transit,LTD_Ret_Util_Transit
506,LTD_Ret_General,LTD_Ret_General
507,LTD_Ret_Gen_Elem_Educ,LTD_Ret_Gen_Elem_Educ
508,LTD_Ret_Gen_Other_Educ,LTD_Ret_Gen_Other_Educ
509,LTD_Ret_Gen_Other_NEC,LTD_Ret_Gen_Other_NEC
510,Total_LTD_Ret_FFC,Total_LTD_Ret_FFC
511,LTD_Ret_FFC_Utility,LTD_Ret_FFC_Utility
512,LTD_Ret_FFC_Water_Util,LTD_Ret_FFC_Water_Util
513,LTD_Ret_FFC_Elec_Util,LTD_Ret_FFC_Elec_Util
514,LTD_Ret_FFC_Gas_Util,LTD_Ret_FFC_Gas_Util
515,LTD_Ret_FFC_Trans_Util,LTD_Ret_FFC_Trans_Util
516,LTD_Ret_FFC_General,LTD_Ret_FFC_General
517,LTD_Ret_FFC_Elem_Educ,LTD_Ret_FFC_Elem_Educ
518,LTD_Ret_FFC_Other_Educ,LTD_Ret_FFC_Other_Educ
519,LTD_Ret_FFC_Other_NEC,LTD_Ret_FFC_Other_NEC
520,Total_LTD_Ret_NG,Total_LTD_Ret_NG
521,LTD_Ret_NG_Utility,LTD_Ret_NG_Utility
522,LTD_Ret_NG_Water_Util,LTD_Ret_NG_Water_Util
523,LTD_Ret_NG_Elec_Util,LTD_Ret_NG_Elec_Util
524,LTD_Ret_NG_Gas_Util,LTD_Ret_NG_Gas_Util
525,LTD_Ret_NG_Trans_Util,LTD_Ret_NG_Trans_Util
526,LTD_Ret_NG_General,LTD_Ret_NG_General
527,LTD_Ret_NG_Elem_Educ,LTD_Ret_NG_Elem_Educ
528,LTD_Ret_NG_Other_Educ,LTD_Ret_NG_Other_Educ
529,LTD_Ret_NG_Private_Purp,LTD_Ret_NG_Private_Purp
530,LTD_Ret_NG_Other_NEC,LTD_Ret_NG_Other_NEC
531,Total_LTD_Ret_Unsp,Total_LTD_Ret_Unsp
532,LTD_Ret_Unsp_Utility,LTD_Ret_Unsp_Utility
533,LTD_Ret_Unsp_Water_Util,LTD_Ret_Unsp_Water_Util
534,LTD_Ret_Unsp_Elec_Utili,LTD_Ret_Unsp_Elec_Utili
535,LTD_Ret_Unsp_Gas_Util,LTD_Ret_Unsp_Gas_Util
536,LTD_Ret_Unsp_Trans_Util,LTD_Ret_Unsp_Trans_Util
537,LTD_Ret_Unsp_General,LTD_Ret_Unsp_General
538,LTD_Ret_Unsp_Elem_Educ,LTD_Ret_Unsp_Elem_Educ
539,LTD_Ret_Unsp_Other_Educ,LTD_Ret_Unsp_Other_Educ
540,LTD_Ret_Unsp_Other_NEC,LTD_Ret_Unsp_Other_NEC
541,Total_LTD_Out,Total_LTD_Out
542,LTD_Out_Private_Purp,LTD_Out_Private_Purp
543,LTD_Out_All_Other,LTD_Out_All_Other
544,Total_LTD_Out_Utility,Total_LTD_Out_Utility
545,LTD_Out_Util_Water,LTD_Out_Util_Water
546,LTD_Out_Util_Electric,LTD_Out_Util_Electric
547,LTD_Out_Util_Gas_Supply,LTD_Out_Util_Gas_Supply
548,LTD_Out_Util_Transit,LTD_Out_Util_Transit
549,LTD_Out_General,LTD_Out_General
550,LTD_Out_Gen_Elem_Educ,LTD_Out_Gen_Elem_Educ
551,LTD_Out_Gen_Other_Educ,LTD_Out_Gen_Other_Educ
552,LTD_Out_Gen_Other_NEC,LTD_Out_Gen_Other_NEC
553,Total_LTD_Out_FFC,Total_LTD_Out_FFC
554,LTD_Out_FFC_Utility,LTD_Out_FFC_Utility
555,LTD_Out_FFC_Water_Util,LTD_Out_FFC_Water_Util
556,LTD_Out_FFC_Elec_Util,LTD_Out_FFC_Elec_Util
557,LTD_Out_FFC_Gas_Util,LTD_Out_FFC_Gas_Util
558,LTD_Out_FFC_Trans_Util,LTD_Out_FFC_Trans_Util
559,LTD_Out_FFC_General,LTD_Out_FFC_General
560,LTD_Out_FFC_Elem_Educ,LTD_Out_FFC_Elem_Educ
561,LTD_Out_FFC_Other_Educ,LTD_Out_FFC_Other_Educ
562,LTD_Out_FFC_Other_NEC,LTD_Out_FFC_Other_NEC
563,Tot_LTD_Out_NG,Tot_LTD_Out_NG
564,LTD_Out_NG_Utility,LTD_Out_NG_Utility
565,LTD_Out_NG_Water_Util,LTD_Out_NG_Water_Util
566,LTD_Out_NG_Elec_Util,LTD_Out_NG_Elec_Util
567,LTD_Out_NG_Gas_Util,LTD_Out_NG_Gas_Util
568,LTD_Out_NG_Trans_Util,LTD_Out_NG_Trans_Util
569,LTD_Out_NG_General,LTD_Out_NG_General
570,LTD_Out_NG_Elem_Educ,LTD_Out_NG_Elem_Educ
571,LTD_Out_NG_Other_Educ,LTD_Out_NG_Other_Educ
572,LTD_Out_NG_Private_Purp,LTD_Out_NG_Private_Purp
573,LTD_Out_NG_Other_NEC,LTD_Out_NG_Other_NEC
574,Total_Cash___Securities,Total_Cash___Securities
575,Insur_Trust_Cash___Sec,Insur_Trust_Cash___Sec
576,Emp_Retire_Cash___Sec,Emp_Retire_Cash___Sec
577,Emp_Retire_Cash___Dep,Emp_Retire_Cash___Dep
578,Emp_Retire_Total_Sec,Emp_Retire_Total_Sec
579,Emp_Retire_Sec_Tot_Fed,Emp_Retire_Sec_Tot_Fed
580,Emp_Retire_Sec_S_L_Secur,Emp_Retire_Sec_S_L_Secur
581,Emp_Retire_Sec_Tot_Nong,Emp_Retire_Sec_Tot_Nong
582,Emp_Retire_Sec_Corp_Bds,Emp_Retire_Sec_Corp_Bds
583,Emp_Retire_Sec_Corp_Stk,Emp_Retire_Sec_Corp_Stk
584,Emp_Retire_Sec_Mortgages,Emp_Retire_Sec_Mortgages
585,Emp_Retire_Sec_Misc_Inv,Emp_Retire_Sec_Misc_Inv
586,Emp_Retire_Sec_Oth_Nong,Emp_Retire_Sec_Oth_Nong
587,Unemp_Comp_Cash___Sec,Unemp_Comp_Cash___Sec
588,Unemp_Comp_Bal_In_US_Trs,Unemp_Comp_Bal_In_US_Trs
589,Unemp_Comp_Other_Balance,Unemp_Comp_Other_Balance
590,Nonin_Trust_Cash___Sec,Nonin_Trust_Cash___Sec
591,Sinking_Fd_Cash___Sec,Sinking_Fd_Cash___Sec
592,Bond_Fd_Cash___Sec,Bond_Fd_Cash___Sec
593,Oth_Nonin_Fd_Cash___Sec,Oth_Nonin_Fd_Cash___Sec
594,TG_Full-time equivalent employees: Totals for Government,TG_Full-time equivalent employees: Totals for Government
595,PPO_Full-time equivalent employees: Police Protection - Officers,PPO_Full-time equivalent employees: Police Protection - Officers
596,POT_Full-time equivalent employees: Police-Other,POT_Full-time equivalent employees: Police-Other
597,"Assault, Total - Municipalities // Source: RAND => Crimes, Arrests, & Clearances (Description: ""This database reports the number of offenses (murder and nonnegligent manslaughter, forcible rape, robbery, aggravated assault, burglary, larceny-theft, motor vehicle theft, and arson) and auxiliary offense data (e.g., burglary: forcible entry, unlawful entry, and attempted entry) for each agency reporting data to the Uniform Crime Reporting Program (UCR) in U.S. States. See crime definitions for crime descriptions. 
The database also reports the number of reported offenses cleared by arrest or exceptional means and the number of clearances which involved only juveniles (under 18 years of age). The category ""total offenses cleared by an arrest"" do not contain data for the years 1960-1963.""; Originating source: Federal Bureau of Investigation; Unit: municipalities) => Area: Cities in Idaho => Offense: Assault total, Burglary total, Manslaughter, Murder, Rape total, Robbery total, Total all thefts =>  Category: Number of actual offenses => Time period: 1995-2014. // NA = Not Available. // Challis is made empty as it has two separate lines of data for each offense type.",Assault- Total - Municipalities
598,"Burglary, Total - Municipalities // Source: RAND => Crimes, Arrests, & Clearances (Description: ""This database reports the number of offenses (murder and nonnegligent manslaughter, forcible rape, robbery, aggravated assault, burglary, larceny-theft, motor vehicle theft, and arson) and auxiliary offense data (e.g., burglary: forcible entry, unlawful entry, and attempted entry) for each agency reporting data to the Uniform Crime Reporting Program (UCR) in U.S. States. See crime definitions for crime descriptions. 
The database also reports the number of reported offenses cleared by arrest or exceptional means and the number of clearances which involved only juveniles (under 18 years of age). The category ""total offenses cleared by an arrest"" do not contain data for the years 1960-1963.""; Originating source: Federal Bureau of Investigation; Unit: municipalities) => Area: Cities in Idaho => Offense: Assault total, Burglary total, Manslaughter, Murder, Rape total, Robbery total, Total all thefts =>  Category: Number of actual offenses => Time period: 1995-2014. // NA = Not Available. // Challis is made empty as it has two separate lines of data for each offense type.",Burglary-Total - Municipalities
599,"Manslaughter, Total - Municipalities // Source: RAND => Crimes, Arrests, & Clearances (Description: ""This database reports the number of offenses (murder and nonnegligent manslaughter, forcible rape, robbery, aggravated assault, burglary, larceny-theft, motor vehicle theft, and arson) and auxiliary offense data (e.g., burglary: forcible entry, unlawful entry, and attempted entry) for each agency reporting data to the Uniform Crime Reporting Program (UCR) in U.S. States. See crime definitions for crime descriptions. 
The database also reports the number of reported offenses cleared by arrest or exceptional means and the number of clearances which involved only juveniles (under 18 years of age). The category ""total offenses cleared by an arrest"" do not contain data for the years 1960-1963.""; Originating source: Federal Bureau of Investigation; Unit: municipalities) => Area: Cities in Idaho => Offense: Assault total, Burglary total, Manslaughter, Murder, Rape total, Robbery total, Total all thefts =>  Category: Number of actual offenses => Time period: 1995-2014. // NA = Not Available. // Challis is made empty as it has two separate lines of data for each offense type.",Manslaughter-Total - Municipalities
600,"Murder, Total - Municipalities // Source: RAND => Crimes, Arrests, & Clearances (Description: ""This database reports the number of offenses (murder and nonnegligent manslaughter, forcible rape, robbery, aggravated assault, burglary, larceny-theft, motor vehicle theft, and arson) and auxiliary offense data (e.g., burglary: forcible entry, unlawful entry, and attempted entry) for each agency reporting data to the Uniform Crime Reporting Program (UCR) in U.S. States. See crime definitions for crime descriptions. 
The database also reports the number of reported offenses cleared by arrest or exceptional means and the number of clearances which involved only juveniles (under 18 years of age). The category ""total offenses cleared by an arrest"" do not contain data for the years 1960-1963.""; Originating source: Federal Bureau of Investigation; Unit: municipalities) => Area: Cities in Idaho => Offense: Assault total, Burglary total, Manslaughter, Murder, Rape total, Robbery total, Total all thefts =>  Category: Number of actual offenses => Time period: 1995-2014. // NA = Not Available. // Challis is made empty as it has two separate lines of data for each offense type.",Murder- Total - Municipalities
601,"Rape, Total - Municipalities // Source: RAND => Crimes, Arrests, & Clearances (Description: ""This database reports the number of offenses (murder and nonnegligent manslaughter, forcible rape, robbery, aggravated assault, burglary, larceny-theft, motor vehicle theft, and arson) and auxiliary offense data (e.g., burglary: forcible entry, unlawful entry, and attempted entry) for each agency reporting data to the Uniform Crime Reporting Program (UCR) in U.S. States. See crime definitions for crime descriptions. 
The database also reports the number of reported offenses cleared by arrest or exceptional means and the number of clearances which involved only juveniles (under 18 years of age). The category ""total offenses cleared by an arrest"" do not contain data for the years 1960-1963.""; Originating source: Federal Bureau of Investigation; Unit: municipalities) => Area: Cities in Idaho => Offense: Assault total, Burglary total, Manslaughter, Murder, Rape total, Robbery total, Total all thefts =>  Category: Number of actual offenses => Time period: 1995-2014. // NA = Not Available. // Challis is made empty as it has two separate lines of data for each offense type.",Rape-Total - Municipalities
602,"Robbery, Total - Municipalities // Source: RAND => Crimes, Arrests, & Clearances (Description: ""This database reports the number of offenses (murder and nonnegligent manslaughter, forcible rape, robbery, aggravated assault, burglary, larceny-theft, motor vehicle theft, and arson) and auxiliary offense data (e.g., burglary: forcible entry, unlawful entry, and attempted entry) for each agency reporting data to the Uniform Crime Reporting Program (UCR) in U.S. States. See crime definitions for crime descriptions. 
The database also reports the number of reported offenses cleared by arrest or exceptional means and the number of clearances which involved only juveniles (under 18 years of age). The category ""total offenses cleared by an arrest"" do not contain data for the years 1960-1963.""; Originating source: Federal Bureau of Investigation; Unit: municipalities) => Area: Cities in Idaho => Offense: Assault total, Burglary total, Manslaughter, Murder, Rape total, Robbery total, Total all thefts =>  Category: Number of actual offenses => Time period: 1995-2014. // NA = Not Available. // Challis is made empty as it has two separate lines of data for each offense type.",Robbery- Total - Municipalities
603,"Total, All Thefts - Municipalities // Source: RAND => Crimes, Arrests, & Clearances (Description: ""This database reports the number of offenses (murder and nonnegligent manslaughter, forcible rape, robbery, aggravated assault, burglary, larceny-theft, motor vehicle theft, and arson) and auxiliary offense data (e.g., burglary: forcible entry, unlawful entry, and attempted entry) for each agency reporting data to the Uniform Crime Reporting Program (UCR) in U.S. States. See crime definitions for crime descriptions. 
The database also reports the number of reported offenses cleared by arrest or exceptional means and the number of clearances which involved only juveniles (under 18 years of age). The category ""total offenses cleared by an arrest"" do not contain data for the years 1960-1963.""; Originating source: Federal Bureau of Investigation; Unit: municipalities) => Area: Cities in Idaho => Offense: Assault total, Burglary total, Manslaughter, Murder, Rape total, Robbery total, Total all thefts =>  Category: Number of actual offenses => Time period: 1995-2014. // NA = Not Available. // Challis is made empty as it has two separate lines of data for each offense type.",Total- All Thefts - Municipalities
604,"Counties - Assault, Total // Unit: County // Originating Source:  Federal Bureau of Investigation // Source: RAND => Crimes, Arrests, & Clearances => Area: Idaho All => Offense: Assault total, Burglary total, Manslaughter, Murder, Rape total, Robbery total, Total all thefts =>  Category: Number of actual offenses => Time period: 1995-2014. // NA = Not Available. // Twin Falls County is made empty, as it has two separate lines of data for each offense type.",Counties - Assault- Total
605,"Counties - Burglary, Total // Unit: County // Originating Source:  Federal Bureau of Investigation // Source: RAND => Crimes, Arrests, & Clearances => Area: Idaho All => Offense: Assault total, Burglary total, Manslaughter, Murder, Rape total, Robbery total, Total all thefts =>  Category: Number of actual offenses => Time period: 1995-2014. // NA = Not Available.  // Twin Falls County is made empty, as it has two separate lines of data for each offense type.",Counties - Burglary- Total
606,"Counties - Manslaughter, Total // Unit: County // Originating Source:  Federal Bureau of Investigation // Source: RAND => Crimes, Arrests, & Clearances => Area: Idaho All => Offense: Assault total, Burglary total, Manslaughter, Murder, Rape total, Robbery total, Total all thefts =>  Category: Number of actual offenses => Time period: 1995-2014. // NA = Not Available. // Twin Falls County is made empty, as it has two separate lines of data for each offense type.",Counties - Manslaughter- Total
607,"Counties - Murder, Total // Unit: County // Originating Source:  Federal Bureau of Investigation // Source: RAND => Crimes, Arrests, & Clearances => Area: Idaho All => Offense: Assault total, Burglary total, Manslaughter, Murder, Rape total, Robbery total, Total all thefts =>  Category: Number of actual offenses => Time period: 1995-2014. // NA = Not Available. // Twin Falls County is made empty, as it has two separate lines of data for each offense type.",Counties - Murder- Total
608,"Counties - Rape, Total // Unit: County // Originating Source:  Federal Bureau of Investigation // Source: RAND => Crimes, Arrests, & Clearances => Area: Idaho All => Offense: Assault total, Burglary total, Manslaughter, Murder, Rape total, Robbery total, Total all thefts =>  Category: Number of actual offenses => Time period: 1995-2014. // NA = Not Available. // Twin Falls County is made empty, as it has two separate lines of data for each offense type.",Counties - Rape-Total
609,"Counties - Robbery, Total // Unit: County // Originating Source:  Federal Bureau of Investigation // Source: RAND => Crimes, Arrests, & Clearances => Area: Idaho All => Offense: Assault total, Burglary total, Manslaughter, Murder, Rape total, Robbery total, Total all thefts =>  Category: Number of actual offenses => Time period: 1995-2014. // NA = Not Available. // Twin Falls County is made empty, as it has two separate lines of data for each offense type.",Counties - Robbery- Total
610,"Counties - Total, All Thefts // Unit: County // Originating Source:  Federal Bureau of Investigation // Source: RAND => Crimes, Arrests, & Clearances => Area: Idaho All => Offense: Assault total, Burglary total, Manslaughter, Murder, Rape total, Robbery total, Total all thefts =>  Category: Number of actual offenses => Time period: 1995-2014. // NA = Not Available. // Twin Falls County is made empty, as it has two separate lines of data for each offense type.",Counties - Total- All Thefts
611,"Metropolitan and micropolitan statistical areas: 2 for MetropolitanSA, 1 for MicropolitanSA, 0 otherwise; MicropolitanSA didn't exist prior to 2000. (Coding and Source:  June 30 1993 ""Metropolitan Areas and Components,"" is used for 1995-1998; June 30 1999 ""Metropolitan Areas and Components"" is used for 1999; June 2003 ""Metropolitan and micropolitan statistical areas and components"" is inputted for 2000-2003, because this delineation is based on 2000 decennial census; then ""Metropolitan and micropolitan statistical areas and components"" is available for each year, 2004-2009, https://www.census.gov/geographies/reference-files/time-series/demo/metro-micro/historical-delineation-files.html // Feb 2013 ""Core based statistical areas (CBSAs), metropolitan divisions, and combined statistical areas (CSAs)"" is used for 2010-2014, because this delineation is based on 2010 decennial census; Jul 2015 ""Core based statistical areas (CBSAs), metropolitan divisions, and combined statistical areas (CSAs)"" is used for 2015, https://www.census.gov/geographies/reference-files/time-series/demo/metro-micro/delineation-files.html) // No changes from 2010 through 2015 // No changes from 2000 through 2009 // Twin Falls became MetroSA in 2017.",Metropolitan and micropolitan statistical areas
612,"N of Registered Organizations: Source: Registered 501(c)(3) Public Charities by County, each year; NCCS Home >> NCCS Web Tools >>  NCCS Table Wizard, https://nccs.urban.org/sites/all/nccs-archive/html/tablewiz/pc.php; Private foundations are excluded ; ""Citation: Internal Revenue Service, Exempt Organizations Business Master File (). The Urban Institute, National Center for Charitable Statistics, http://nccs.urban.org/ ""; Months chosen: Aug 1995; June 1996; Oct 1997; Sept 1998; Dec 1999; May 2000; July 2001; July 2002; Nov 2003; Dec 2004; Nov 2005; Nov 2006; Sept 2007; Dec 2008; July 2009; Aug 2010; July 2011; July 2012; July 2013; June 2014; July 2015.  ",N of Registered Organizations
613,"N of Orgs Filing Form 990: Note: ""Includes organizations that filed financial information on Form 990, 990-EZ or 990-PF within 24 months of the BMF release date, as reported in NCCS Core Files and IRS Business Master Files (excludes 990-N ePostcard filers)."" (Private foundations are excluded) // Source: Registered 501(c)(3) Public Charities by County, each year; NCCS Home >> NCCS Web Tools >>  NCCS Table Wizard, https://nccs.urban.org/sites/all/nccs-archive/html/tablewiz/pc.php; ""Citation: Internal Revenue Service, Exempt Organizations Business Master File (). The Urban Institute, National Center for Charitable Statistics, http://nccs.urban.org/ ""; Months chosen: Aug 1995; June 1996; Oct 1997; Sept 1998; Dec 1999; May 2000; July 2001; July 2002; Nov 2003; Dec 2004; Nov 2005; Nov 2006; Sept 2007; Dec 2008; July 2009; Aug 2010; July 2011; July 2012; July 2013; June 2014; July 2015.  ",N of Orgs Filing Form 990
614,"Business Establishments: Source: Census Bureau, County Business Patterns, each year => check out legal status of orgs in this database?",Business Establishments
615,"Population Density // RAND State Statistics => Current Population Density; Descriptions: ""Summary: Current population density based on land area""; ""Additional Background: This database reports recent population density figures (persons per square mile) based on annual population, estimated on July 1st of each year, and land area reported by the U.S. Census.  Density from 1990-1999 is based on 1990 land area; 2000-2013 density is based on land area in each of those years.""; ""Geographic Coverage: U.S., States, Counties, City or Other Local Government, Periodicity: Annually, Series Begins/Ends: 1990 - 2017, Data Source: U.S. Bureau of the Census"" // Units: Persons per square mile // PARKLINE CITY Disincorporated in 2001",Population Density
616,"Personal income per capita // Unit: dollars, current // Measurement Level: County // Source: RAND State Statistics => Regional Economic Profiles // Descriptions: ""Summary: Personal income, per capita personal income, total earnings, total employment, average earnings, and other categories""; ""Additional Background: Regional economic profiles includes personal income, population, per capita personal income, total earnings, total employment, average earnings per job, and related categories.  Data are reported in current dollars.

Estimates for 2001 forward reflect the results of the comprehensive revision to the national income and product accounts (NIPAs) released in July 2013, creating a temporary break in BEA's time series for earlier years.
Cibola, NM was separated from Valencia in June 1981; Valencia includes Cibola through the end of 1981.

La Paz County, AZ was separated from Yuma County on January 1, 1983; The Yuma, AZ MSA contains the area that became La Paz County, AZ through 1982 and excludes it beginning with 1983
Shawano, WI and Menominee, WI are combined as Shawano (incl. Menominee), WI prior to 1989
Broomfield County, CO, was created from parts of Adams, Boulder, Jefferson, and Weld counties effective November 15, 2001; estimates for Broomfield county begin with 2002.
Estimates for 1979 forward reflect Alaska Census Areas as defined by the Census Bureau; those for prior years reflect Alaska Census Divisions as defined in the 1970 Decennial Census. Estimates from 1988 forward separate Aleutian Islands Census Area into Aleutians East Borough and Aleutians West Census Area. Estimates for 1991 forward separate Denali Borough from Yukon-Koyukuk Census Area and Lake and Peninsula Borough from Dillingham Census Area. Estimates from 1993 forward separate Skagway-Yakutat-Angoon Census Area into Skagway-Hoonah-Angoon Census Area and Yakutat Borough. Estimates from 2008 forward separate Skagway-Hoonah-Angoon Census Area into Skagway Borough and Hoonah-Angoon Census Area. Estimates from 2009 forward separate Wrangell-Petersburg Census Area into Petersburg Census Area and Wrangell City and Borough. In addition, a part of the Prince of Wales-Outer Ketchikan Census Area was annexed by Ketchikan Gateway Borough and part (Meyers Chuck Area) was included in the new Wrangell City and Borough. The remainder of the Prince of Wales-Outer Ketchikan Census Area was renamed Prince of Wales-Hyder Census Area
Virginia combination areas consist of one or two independent cities with 1980 populations of less than 100,000 combined with an adjacent county. The county name appears first, followed by the city name(s). Separate estimates for the jurisdictions making up the combination area are not available
Nonmetropolitan state portion includes micropolitan counties."" // ""Geographic Coverage: U.S., States, Counties. Periodicity: Annually

Series Begins/Ends: 1969 - 2016 // Note: ""L = Less than $50,000, but the estimates for this item are included in the totals.NA = Not Available.NM = Not meaningful.""; ""Type of income divided by population yields a per capita measure for that type of income.""

Data Source: Bureau of Economic Analysis"" // for potentially useful information about per capita personal income, see https://www.bea.gov/news/2017/local-area-personal-income-2016, which seems to be talking about the same source of data as Regional Economic Profiles' one.",Personal income per capita
617,Population2: Current Population Estimates,Population2: Current Population Estimates